Peptide,Allele,Score,Present
AAGIGILTV,HLA-A0201,0.005100843,0
KTWGQYWQV,HLA-A0201,0.233618232,0
ITDQVPFSV,HLA-A0201,0.116929568,0
YLEPGPVTA,HLA-A0201,0.484347596,0
RMFPNAPYL,HLA-A0201,0.83786079,1
YMDGTMSQV,HLA-A0201,0.342996061,0
ILAKFLHWL,HLA-A0201,0.761293333,1
VLYRYGSFSV,HLA-A0201,0.145516388,0
